{
    "variants": {
        "": [{ "model": "block/birch_leaves" },
	     { "model": "block/birch_leaves", "y": 90 },
	     { "model": "block/birch_leaves", "y": 180 },
	     { "model": "block/birch_leaves", "y": 270 },
	     { "model": "block/birch_leaves2" },
	     { "model": "block/birch_leaves2", "y": 90 },
	     { "model": "block/birch_leaves2", "y": 180 },
	     { "model": "block/birch_leaves2", "y": 270 },
	     { "model": "block/birch_leaves3" },
	     { "model": "block/birch_leaves3", "y": 90 },
	     { "model": "block/birch_leaves3", "y": 180 },
	     { "model": "block/birch_leaves3", "y": 270 },
	     { "model": "block/birch_leaves4" },
	     { "model": "block/birch_leaves4", "y": 90 },
	     { "model": "block/birch_leaves4", "y": 180 },
	     { "model": "block/birch_leaves4", "y": 270 }]
    }
}
