{
  "variants": {
    "age=0": [{
      "model": "minecraft:block/carrots_stage0"
    },
    {
      "model": "minecraft:block/carrots_stage0_1"
    },
    {
      "model": "minecraft:block/carrots_stage0_2"
    },
    {
      "model": "minecraft:block/carrots_stage0_3"
    }],
    "age=1": [{
      "model": "minecraft:block/carrots_stage0"
    },
    {
      "model": "minecraft:block/carrots_stage0_1"
    },
    {
      "model": "minecraft:block/carrots_stage0_2"
    },
    {
      "model": "minecraft:block/carrots_stage0_3"
    }],
    "age=2": [{
      "model": "minecraft:block/carrots_stage1"
    },
    {
      "model": "minecraft:block/carrots_stage1_1"
    },
    {
      "model": "minecraft:block/carrots_stage1_2"
    },
    {
      "model": "minecraft:block/carrots_stage1_3"
    }],
    "age=3": [{
      "model": "minecraft:block/carrots_stage1"
    },
    {
      "model": "minecraft:block/carrots_stage1_1"
    },
    {
      "model": "minecraft:block/carrots_stage1_2"
    },
    {
      "model": "minecraft:block/carrots_stage1_3"
    }],
    "age=4": [{
      "model": "minecraft:block/carrots_stage2"
    },
    {
      "model": "minecraft:block/carrots_stage2_1"
    },
    {
      "model": "minecraft:block/carrots_stage2_2"
    },
    {
      "model": "minecraft:block/carrots_stage2_3"
    }],
    "age=5": [{
      "model": "minecraft:block/carrots_stage2"
    },
    {
      "model": "minecraft:block/carrots_stage2_1"
    },
    {
      "model": "minecraft:block/carrots_stage2_2"
    },
    {
      "model": "minecraft:block/carrots_stage2_3"
    }],
    "age=6": [{
      "model": "minecraft:block/carrots_stage2"
    },
    {
      "model": "minecraft:block/carrots_stage2_1"
    },
    {
      "model": "minecraft:block/carrots_stage2_2"
    },
    {
      "model": "minecraft:block/carrots_stage2_3"
    }],
    "age=7": [{
      "model": "minecraft:block/carrots_stage3"
    },
    {
      "model": "minecraft:block/carrots_stage3_1"
    },
    {
      "model": "minecraft:block/carrots_stage3_2"
    },
    {
      "model": "minecraft:block/carrots_stage3_3"
    }]
  }
}