{
    "variants": {
        "": [{ "model": "block/crimson_roots" },
	     { "model": "block/crimson_roots2" },
	     { "model": "block/crimson_roots3" },
	     { "model": "block/crimson_roots3", "y": 90 },
	     { "model": "block/crimson_roots3", "y": 180 },
	     { "model": "block/crimson_roots3", "y": 270 },
	     { "model": "block/crimson_roots4" },
	     { "model": "block/crimson_roots4", "y": 90 },
	     { "model": "block/crimson_roots4", "y": 180 },
	     { "model": "block/crimson_roots4", "y": 270 }
		]
    }
}
