{
  "variants": {
    "axis=x": [{
      "model": "minecraft:block/deepslate",
      "x": 90,
      "y": 90
    },
    {
      "model": "minecraft:block/deepslate2",
      "x": 90,
      "y": 90
    },
    {
      "model": "minecraft:block/deepslate3",
      "x": 90,
      "y": 90
    }],
    "axis=y": [{
      "model": "minecraft:block/deepslate"
    },
    {
      "model": "minecraft:block/deepslate2"
    },
{
      "model": "minecraft:block/deepslate3"
    }],
    "axis=z": [{
      "model": "minecraft:block/deepslate",
      "x": 90
    },
    {
      "model": "minecraft:block/deepslate2",
      "x": 90
    },
    {
      "model": "minecraft:block/deepslate3",
      "x": 90
    }]
  }
}