{
    "variants": {
        "": [{ "model": "block/flowering_azalea_leaves" },
	     { "model": "block/flowering_azalea_leaves", "y": 90 },
	     { "model": "block/flowering_azalea_leaves", "y": 180 },
	     { "model": "block/flowering_azalea_leaves", "y": 270 },
	     { "model": "block/flowering_azalea_leaves2" },
	     { "model": "block/flowering_azalea_leaves2", "y": 90 },
	     { "model": "block/flowering_azalea_leaves2", "y": 180 },
	     { "model": "block/flowering_azalea_leaves2", "y": 270 },
	     { "model": "block/flowering_azalea_leaves3" },
	     { "model": "block/flowering_azalea_leaves3", "y": 90 },
	     { "model": "block/flowering_azalea_leaves3", "y": 180 },
	     { "model": "block/flowering_azalea_leaves3", "y": 270 },
	     { "model": "block/flowering_azalea_leaves4" },
	     { "model": "block/flowering_azalea_leaves4", "y": 90 },
	     { "model": "block/flowering_azalea_leaves4", "y": 180 },
	     { "model": "block/flowering_azalea_leaves4", "y": 270 }]
    }
}
