{
    "variants": {
        "": [{ "model": "block/jungle_leaves" },
	     { "model": "block/jungle_leaves", "y": 90 },
	     { "model": "block/jungle_leaves", "y": 180 },
	     { "model": "block/jungle_leaves", "y": 270 },
	     { "model": "block/jungle_leaves2" },
	     { "model": "block/jungle_leaves2", "y": 90 },
	     { "model": "block/jungle_leaves2", "y": 180 },
	     { "model": "block/jungle_leaves2", "y": 270 },
	     { "model": "block/jungle_leaves3" },
	     { "model": "block/jungle_leaves3", "y": 90 },
	     { "model": "block/jungle_leaves3", "y": 180 },
	     { "model": "block/jungle_leaves3", "y": 270 },
	     { "model": "block/jungle_leaves4" },
	     { "model": "block/jungle_leaves4", "y": 90 },
	     { "model": "block/jungle_leaves4", "y": 180 },
	     { "model": "block/jungle_leaves4", "y": 270 }]
    }
}
