{
  "variants": {
    "half=lower": [{
      "model": "minecraft:block/lilac_bottom"
    },
    {
      "model": "minecraft:block/lilac_flipped_bottom"
    },
    {
      "model": "minecraft:block/lilac_2_bottom"
    },
    {
      "model": "minecraft:block/lilac_2_flipped_bottom"
    }
	],
    "half=upper": [{
      "model": "minecraft:block/lilac_top"
    },
    {
      "model": "minecraft:block/lilac_flipped_top"
    },
    {
      "model": "minecraft:block/lilac_2_top"
    },
    {
      "model": "minecraft:block/lilac_2_flipped_top"
    }
	]
  }
}