{
    "variants": {
        "": [{ "model": "block/mangrove_leaves" },
	     { "model": "block/mangrove_leaves", "y": 90 },
	     { "model": "block/mangrove_leaves", "y": 180 },
	     { "model": "block/mangrove_leaves", "y": 270 },
	     { "model": "block/mangrove_leaves2" },
	     { "model": "block/mangrove_leaves2", "y": 90 },
	     { "model": "block/mangrove_leaves2", "y": 180 },
	     { "model": "block/mangrove_leaves2", "y": 270 },
	     { "model": "block/mangrove_leaves3" },
	     { "model": "block/mangrove_leaves3", "y": 90 },
	     { "model": "block/mangrove_leaves3", "y": 180 },
	     { "model": "block/mangrove_leaves3", "y": 270 },
	     { "model": "block/mangrove_leaves4" },
	     { "model": "block/mangrove_leaves4", "y": 90 },
	     { "model": "block/mangrove_leaves4", "y": 180 },
	     { "model": "block/mangrove_leaves4", "y": 270 }]
    }
}
