{
    "variants": {
        "": [{ "model": "block/nether_sprouts" },
	     { "model": "block/nether_sprouts2" },
	     { "model": "block/nether_sprouts3" },
	     { "model": "block/nether_sprouts3", "y": 90 },
	     { "model": "block/nether_sprouts3", "y": 180 },
	     { "model": "block/nether_sprouts3", "y": 270 },
	     { "model": "block/nether_sprouts4" },
	     { "model": "block/nether_sprouts4", "y": 90 },
	     { "model": "block/nether_sprouts4", "y": 180 },
	     { "model": "block/nether_sprouts4", "y": 270 }
		]
    }
}
