{
  "variants": {
    "half=lower": [{
      "model": "minecraft:block/peony_bottom"
    },
    {
      "model": "minecraft:block/peony_flipped_bottom"
    },
    {
      "model": "minecraft:block/peony_2_bottom"
    },
    {
      "model": "minecraft:block/peony_2_flipped_bottom"
    }
	],
    "half=upper": [{
      "model": "minecraft:block/peony_top"
    },
    {
      "model": "minecraft:block/peony_flipped_top"
    },
    {
      "model": "minecraft:block/peony_2_top"
    },
    {
      "model": "minecraft:block/peony_2_flipped_top"
    }
	]
  }
}