{
  "variants": {
    "half=lower": [{
      "model": "minecraft:block/rose_bush_bottom"
    },
    {
      "model": "minecraft:block/rose_bush_flipped_bottom"
    },
    {
      "model": "minecraft:block/rose_bush_2_bottom"
    },
    {
      "model": "minecraft:block/rose_bush_2_flipped_bottom"
    }
	],
    "half=upper": [{
      "model": "minecraft:block/rose_bush_top"
    },
    {
      "model": "minecraft:block/rose_bush_flipped_top"
    },
    {
      "model": "minecraft:block/rose_bush_2_top"
    },
    {
      "model": "minecraft:block/rose_bush_2_flipped_top"
    }
	]
  }
}