{
  "variants": {
    "half=lower": [{
      "model": "minecraft:block/tall_seagrass_bottom"
    },
    {
      "model": "minecraft:block/tall_seagrass_flipped_bottom"
    },
    {
      "model": "minecraft:block/tall_seagrass_cross_flipped_bottom"
    },
    {
      "model": "minecraft:block/tall_seagrass_cross_bottom"
    }
	],
    "half=upper": [{
      "model": "minecraft:block/tall_seagrass_top"
    },
    {
      "model": "minecraft:block/tall_seagrass_flipped_top"
    },
    {
      "model": "minecraft:block/tall_seagrass_cross_flipped_top"
    },
    {
      "model": "minecraft:block/tall_seagrass_cross_top"
    }
	]
  }
}