{
  "variants": {
    "age=0": {
      "model": "minecraft:block/wheat_stage0"
    },
    "age=1": {
      "model": "minecraft:block/wheat_stage1"
    },
    "age=2": {
      "model": "minecraft:block/wheat_stage2"
    },
    "age=3": {
      "model": "minecraft:block/wheat_stage3"
    },
    "age=4": [{
      "model": "minecraft:block/wheat_stage4"
    },
    {
      "model": "minecraft:block/wheat_stage4_2"
    },
    {
      "model": "minecraft:block/wheat_stage4_3"
    }],
    "age=5": [{
      "model": "minecraft:block/wheat_stage5"
    },
    {
      "model": "minecraft:block/wheat_stage5_2"
    },
    {
      "model": "minecraft:block/wheat_stage5_3"
    }],
    "age=6": [{
      "model": "minecraft:block/wheat_stage6"
    },
    {
      "model": "minecraft:block/wheat_stage6_2"
    },
    {
      "model": "minecraft:block/wheat_stage6_3"
    }],
    "age=7": [{
      "model": "minecraft:block/wheat_stage7"
    },
    {
      "model": "minecraft:block/wheat_stage7_2"
    },
    {
      "model": "minecraft:block/wheat_stage7_3"
    }]
  }
}