{
	"credit": "Made with Blockbench",
	"ambientocclusion": false,
	"textures": {
		"texture": "block/bamboo_large_leaves",
		"small": "block/bamboo_small_leaves",
		"particle": "block/bamboo_block"
	},
	"elements": [
		{
			"from": [1, 5, 7],
			"to": [15, 19, 7],
			"shade": false,
			"rotation": {"angle": -22.5, "axis": "x", "origin": [8, 5, 8]},
			"faces": {
				"north": {"uv": [0, 0, 16, 16], "texture": "#small", "tintindex": 0},
				"south": {"uv": [0, 0, 16, 16], "texture": "#small", "tintindex": 0}
			}
		},
		{
			"from": [1, -1, 9],
			"to": [15, 13, 9],
			"shade": false,
			"rotation": {"angle": 22.5, "axis": "x", "origin": [8, -1, 10]},
			"faces": {
				"north": {"uv": [0, 0, 16, 16], "texture": "#small", "tintindex": 0},
				"south": {"uv": [0, 0, 16, 16], "texture": "#small", "tintindex": 0}
			}
		},
		{
			"from": [-2, 0, 8],
			"to": [17, 16, 8],
			"shade": false,
			"faces": {
				"north": {"uv": [0, 0, 16, 16], "texture": "#texture", "tintindex": 0},
				"south": {"uv": [0, 0, 16, 16], "texture": "#texture", "tintindex": 0}
			}
		},
		{
			"from": [8, 0, -2],
			"to": [8, 16, 17],
			"shade": false,
			"faces": {
				"east": {"uv": [0, 0, 16, 16], "texture": "#texture", "tintindex": 0},
				"west": {"uv": [0, 0, 16, 16], "texture": "#texture", "tintindex": 0}
			}
		}
	]
}