{
	"credit": "Made with Blockbench",
	"ambientocclusion": false,
	"textures": {
		"particle": "block/bamboo_small_leaves",
		"texture": "block/bamboo_small_leaves"
	},
	"elements": [
		{
			"from": [-1, 0, 8],
			"to": [17, 16, 8],
			"shade": false,
			"faces": {
				"north": {"uv": [0, 0, 16, 16], "texture": "#texture", "tintindex": 0},
				"south": {"uv": [0, 0, 16, 16], "texture": "#texture", "tintindex": 0}
			}
		},
		{
			"from": [8, 0, -1],
			"to": [8, 16, 17],
			"shade": false,
			"faces": {
				"east": {"uv": [0, 0, 16, 16], "texture": "#texture", "tintindex": 0},
				"west": {"uv": [0, 0, 16, 16], "texture": "#texture", "tintindex": 0}
			}
		},
		{
			"from": [7, -2, 1],
			"to": [7, 13, 15],
			"shade": false,
			"rotation": {"angle": 22.5, "axis": "z", "origin": [7, -2, 10]},
			"faces": {
				"east": {"uv": [0, 0, 16, 16], "texture": "#texture", "tintindex": 0},
				"west": {"uv": [16, 0, 0, 16], "texture": "#texture", "tintindex": 0}
			}
		},
		{
			"from": [9, 1, 1],
			"to": [9, 16, 15],
			"shade": false,
			"rotation": {"angle": -22.5, "axis": "z", "origin": [9, 1, 6]},
			"faces": {
				"east": {"uv": [16, 0, 0, 16], "texture": "#texture", "tintindex": 0},
				"west": {"uv": [16, 0, 0, 16], "texture": "#texture", "tintindex": 0}
			}
		}
	]
}