{
	"credit": "Made with Blockbench",
	"textures": {
		"particle": "#texture"
	},
	"elements": [
		{
			"name": "top bar",
			"from": [7, 12, 0],
			"to": [9, 15, 9],
			"faces": {
				"north": {"uv": [4.375, 0.3125, 6.375, 3.3125], "texture": "#texture", "cullface": "north"},
				"east": {"uv": [0, 0, 11, 4], "texture": "#texture"},
				"west": {"uv": [0, 0, 8, 4], "rotation": 180, "texture": "#texture"},
				"up": {"uv": [0, 0, 8, 4], "rotation": 270, "texture": "#texture"},
				"down": {"uv": [0, 0, 8, 4], "rotation": 90, "texture": "#texture"}
			}
		},
		{
			"name": "lower bar",
			"from": [7, 6, 0],
			"to": [9, 9, 9],
			"faces": {
				"north": {"uv": [3, 0.4375, 5, 3.4375], "texture": "#texture", "cullface": "north"},
				"east": {"uv": [0, 0, 11, 4], "texture": "#texture"},
				"west": {"uv": [0, 0, 8, 4], "rotation": 180, "texture": "#texture"},
				"up": {"uv": [0, 0, 8, 4], "rotation": 270, "texture": "#texture"},
				"down": {"uv": [0, 0, 8, 4], "rotation": 90, "texture": "#texture"}
			}
		}
	]
}