{
	"credit": "Made with Blockbench",
	"parent": "minecraft:block/tinted_cross",
	"textures": {
		"fern": "block/fern",
  	        "particle": "minecraft:block/fern"
	},
	"elements": [
		{
			"from": [0, 1.44415, 8.31492],
			"to": [16, 1.44415, 24.31492],
			"rotation": {"angle": -22.5, "axis": "x", "origin": [8, 2, 8]},
			"faces": {
				"north": {"uv": [0, 0, 16, 0], "rotation": 180, "texture": "#fern"},
				"east": {"uv": [0, 0, 0, 12], "rotation": 270, "texture": "#fern", "tintindex": 1},
				"south": {"uv": [0, 0, 16, 0], "texture": "#fern"},
				"west": {"uv": [0, 0, 0, 12], "rotation": 90, "texture": "#fern", "tintindex": 1},
				"up": {"uv": [0, 0, 16, 16], "rotation": 180, "texture": "#fern", "tintindex": 1},
				"down": {"uv": [0, 0, 16, 16], "texture": "#fern", "tintindex": 1}
			}
		},
		{
			"from": [0, 2.31492, 7.44415],
			"to": [16, 18.31492, 7.44415],
			"rotation": {"angle": -45, "axis": "x", "origin": [8, 2, 8]},
			"faces": {
				"north": {"uv": [0, 0, 16, 16], "texture": "#fern", "tintindex": 1},
				"east": {"uv": [0, 0, 0, 12], "texture": "#fern", "tintindex": 1},
				"south": {"uv": [0, 0, 16, 16], "texture": "#fern", "tintindex": 1},
				"west": {"uv": [0, 0, 0, 12], "texture": "#fern", "tintindex": 1},
				"up": {"uv": [0, 0, 16, 0], "texture": "#fern"},
				"down": {"uv": [0, 0, 16, 0], "texture": "#fern"}
			}
		},
		{
			"from": [8.31492, 1.44415, 0],
			"to": [24.31492, 1.44415, 16],
			"rotation": {"angle": 45, "axis": "z", "origin": [8, 2, 7]},
			"faces": {
				"north": {"uv": [0, 0, 0, 12], "rotation": 270, "texture": "#fern", "tintindex": 1},
				"east": {"uv": [0, 0, 0, 16], "rotation": 90, "texture": "#fern"},
				"south": {"uv": [0, 0, 0, 12], "rotation": 90, "texture": "#fern", "tintindex": 1},
				"west": {"uv": [0, 0, 0, 16], "rotation": 90, "texture": "#fern"},
				"up": {"uv": [0, 0, 16, 16], "rotation": 90, "texture": "#fern", "tintindex": 1},
				"down": {"uv": [0, 0, 16, 16], "rotation": 90, "texture": "#fern", "tintindex": 1}
			}
		},
		{
			"from": [0.2, 2.31492, 7.85585],
			"to": [16.2, 18.31492, 7.85585],
			"rotation": {"angle": 45, "axis": "x", "origin": [9.2, 2, 7.3]},
			"faces": {
				"north": {"uv": [0, 0, 16, 16], "texture": "#fern", "tintindex": 1},
				"east": {"uv": [0, 0, 0, 12], "texture": "#fern", "tintindex": 1},
				"south": {"uv": [0, 0, 16, 16], "texture": "#fern", "tintindex": 1},
				"west": {"uv": [0, 0, 0, 12], "texture": "#fern", "tintindex": 1},
				"up": {"uv": [0, 0, 0, 16], "rotation": 90, "texture": "#fern"},
				"down": {"uv": [0, 0, 0, 16], "rotation": 270, "texture": "#fern"}
			}
		},
		{
			"from": [0.2, 2.31492, 8.85585],
			"to": [16.2, 18.31492, 8.85585],
			"rotation": {"angle": -45, "axis": "y", "origin": [9.2, 2, 8.3]},
			"faces": {
				"north": {"uv": [0, 0, 16, 16], "texture": "#fern", "tintindex": 1},
				"east": {"uv": [0, 0, 0, 12], "texture": "#fern", "tintindex": 1},
				"south": {"uv": [0, 0, 16, 16], "texture": "#fern", "tintindex": 1},
				"west": {"uv": [0, 0, 0, 12], "texture": "#fern", "tintindex": 1},
				"up": {"uv": [0, 0, 0, 16], "rotation": 90, "texture": "#fern"},
				"down": {"uv": [0, 0, 0, 16], "rotation": 270, "texture": "#fern"}
			}
		},
		{
			"from": [-7.39104, 2.06147, 0],
			"to": [8.60896, 2.06147, 16],
			"rotation": {"angle": -22.5, "axis": "z", "origin": [8, 3, 8]},
			"faces": {
				"north": {"uv": [0, 0, 0, 12], "rotation": 90, "texture": "#fern", "tintindex": 1},
				"east": {"uv": [0, 0, 0, 16], "rotation": 270, "texture": "#fern"},
				"south": {"uv": [0, 0, 0, 12], "rotation": 270, "texture": "#fern", "tintindex": 1},
				"west": {"uv": [0, 0, 0, 16], "rotation": 270, "texture": "#fern"},
				"up": {"uv": [0, 0, 16, 16], "rotation": 270, "texture": "#fern", "tintindex": 1},
				"down": {"uv": [0, 0, 16, 16], "rotation": 270, "texture": "#fern", "tintindex": 1}
			}
		}
	]
}