{   

 "parent": "block/block",
"textures": {"all": "block/glass", "particle": "block/glass"},

    "elements": [
        {   "from": [ 0, 0, 0 ], "to": [ 16, 16, 16 ],
            "faces": {
                "down":  { "texture": "#all", "cullface": "down" },
                "up":    { "texture": "#all", "cullface": "up" },
                "north": { "texture": "#all", "cullface": "north" },
                "south": { "texture": "#all", "cullface": "south" },
                "west":  { "texture": "#all", "cullface": "west" },
                "east":  { "texture": "#all", "cullface": "east" }}},
        {   "from": [ 15.995, 15.995, 15.995], "to": [ 0.015, 0.015, 0.015],
            "faces": {
                "down":  { "texture": "#all", "cullface": "up" },
                "up":    { "texture": "#all", "cullface": "down" },
                "north": { "texture": "#all", "cullface": "south" },
                "south": { "texture": "#all", "cullface": "north" },
                "west":  { "texture": "#all", "cullface": "east" },
                "east":  { "texture": "#all", "cullface": "west" }}}
    ]
}


