{
	"credit": "Made with Blockbench",
	"ambientocclusion": false,
	"textures": {
		"1": "block/grass",
		"2": "block/grass_small",
		"particle": "block/grass"
	},
	"elements": [
		{
			"from": [5.30867, 0, 4.27554],
			"to": [5.30867, 9, 16.67554],
			"shade": false,
			"rotation": {"angle": 22.5, "axis": "z", "origin": [5, 0, 10], "rescale": true},
			"faces": {
				"east": {"uv": [0, 8, 16, 16], "texture": "#2", "tintindex": 0},
				"west": {"uv": [0, 8, 16, 16], "texture": "#2", "tintindex": 0}
			}
		},
		{
			"from": [0.27554, 0, 1.69133],
			"to": [12.67554, 8, 1.69133],
			"shade": false,
			"rotation": {"angle": -22.5, "axis": "y", "origin": [6, 0, 2], "rescale": true},
			"faces": {
				"north": {"uv": [0, 8, 16, 16], "texture": "#2", "tintindex": 0},
				"south": {"uv": [0, 8, 16, 16], "texture": "#2", "tintindex": 0}
			}
		},
		{
			"from": [-0.72446, 0, 9.69133],
			"to": [8.67554, 8, 9.69133],
			"shade": false,
			"rotation": {"angle": 0, "axis": "y", "origin": [5, 0, 10], "rescale": true},
			"faces": {
				"north": {"uv": [0, 8, 16, 16], "texture": "#2", "tintindex": 0},
				"south": {"uv": [0, 8, 16, 16], "texture": "#2", "tintindex": 0}
			}
		},
		{
			"from": [3.27554, 0, 4.69133],
			"to": [18.67554, 15, 4.69133],
			"shade": false,
			"rotation": {"angle": -22.5, "axis": "y", "origin": [4, 0, 2], "rescale": true},
			"faces": {
				"north": {"uv": [0, 0, 16, 16], "texture": "#1", "tintindex": 0},
				"south": {"uv": [0, 0, 16, 16], "texture": "#1", "tintindex": 0}
			}
		},
		{
			"from": [8.69133, 0, -0.67554],
			"to": [8.69133, 15, 14.72446],
			"shade": false,
			"rotation": {"angle": -22.5, "axis": "y", "origin": [6, 0, 13], "rescale": true},
			"faces": {
				"east": {"uv": [0, 0, 16, 16], "texture": "#1", "tintindex": 0},
				"west": {"uv": [0, 0, 16, 16], "texture": "#1", "tintindex": 0}
			}
		},
		{
			"from": [2.27554, 0, 14.69133],
			"to": [14.67554, 8, 14.69133],
			"shade": false,
			"rotation": {"angle": 22.5, "axis": "x", "origin": [9, 0, 14], "rescale": true},
			"faces": {
				"north": {"uv": [0, 8, 16, 16], "texture": "#2", "tintindex": 0},
				"south": {"uv": [0, 8, 16, 16], "texture": "#2", "tintindex": 0}
			}
		},
		{
			"from": [18, 0, 1.8],
			"to": [18, 9, 13.2],
			"shade": false,
			"rotation": {"angle": -22.5, "axis": "z", "origin": [18, 8, 8], "rescale": true},
			"faces": {
				"east": {"uv": [0, 8, 16, 16], "texture": "#2", "tintindex": 0},
				"west": {"uv": [0, 8, 16, 16], "texture": "#2", "tintindex": 0}
			}
		}
	]
}