{
	"credit": "Made with Blockbench",
	"ambientocclusion": false,
	"textures": {
		"particle": "block/grass_small",
		"cross": "block/grass_small"
	},
	"elements": [
		{
			"from": [0, 9.9, 0.4],
			"to": [16, 15.9, 0.4],
			"shade": false,
			"rotation": {"angle": 45, "axis": "x", "origin": [8, 16.4, 0.4]},
			"faces": {
				"north": {"uv": [0, 7.2, 16, 0], "rotation": 180, "texture": "#cross", "cullface": "north", "tintindex": 0},
				"south": {"uv": [0, 7.2, 16, 0], "rotation": 180, "texture": "#cross", "cullface": "north", "tintindex": 0}
			}
		},
		{
			"from": [0, 8.9, 15.8],
			"to": [16, 15.9, 15.8],
			"shade": false,
			"rotation": {"angle": -22.5, "axis": "x", "origin": [8, 16.4, 15.8]},
			"faces": {
				"north": {"uv": [0, 7.2, 16, 0], "rotation": 180, "texture": "#cross", "cullface": "south", "tintindex": 0},
				"south": {"uv": [0, 7.2, 16, 0], "rotation": 180, "texture": "#cross", "cullface": "south", "tintindex": 0}
			}
		},
		{
			"from": [-6, 16.2, 0],
			"to": [0, 16.2, 16],
			"shade": false,
			"rotation": {"angle": 22.5, "axis": "z", "origin": [0.5, 16.2, 8]},
			"faces": {
				"up": {"uv": [0, 7.2, 16, 0], "rotation": 270, "texture": "#cross", "cullface": "west", "tintindex": 0},
				"down": {"uv": [0, 7.2, 16, 0], "rotation": 270, "texture": "#cross", "cullface": "west", "tintindex": 0}
			}
		},
		{
			"from": [15.6, 10.9, 0],
			"to": [15.6, 15.9, 16],
			"shade": false,
			"rotation": {"angle": 45, "axis": "z", "origin": [15.6, 16.4, 8]},
			"faces": {
				"east": {"uv": [0, 7.2, 16, 0], "rotation": 180, "texture": "#cross", "cullface": "east", "tintindex": 0},
				"west": {"uv": [0, 7.2, 16, 0], "rotation": 180, "texture": "#cross", "cullface": "east", "tintindex": 0}
			}
		}
	]
}