{
	"credit": "Made with Blockbench",
	"textures": {
		"large_fern_top": "block/large_fern_top",
		"particle": "block/fern"
	},
	"elements": [
		{
			"from": [1, 6, -5.7],
			"to": [15, 20, -5.7],
			"rotation": {"angle": -45, "axis": "x", "origin": [9, 9, 6.3]},
			"faces": {
				"north": {"uv": [0, 0, 16, 16], "texture": "#large_fern_top", "tintindex": 1},
				"east": {"uv": [0, 0, 0, 16], "texture": "#large_fern_top", "tintindex": 1},
				"south": {"uv": [0, 0, 16, 16], "texture": "#large_fern_top", "tintindex": 1},
				"west": {"uv": [0, 0, 0, 16], "texture": "#large_fern_top", "tintindex": 1},
				"up": {"uv": [0, 0, 16, 0], "texture": "#large_fern_top"},
				"down": {"uv": [0, 0, 16, 0], "texture": "#large_fern_top"}
			}
		},
		{
			"from": [1, 4.1, 20.9],
			"to": [15, 18.1, 20.9],
			"rotation": {"angle": 45, "axis": "x", "origin": [9, 7.1, 8.9]},
			"faces": {
				"north": {"uv": [0, 0, 16, 16], "texture": "#large_fern_top", "tintindex": 1},
				"east": {"uv": [0, 0, 0, 16], "texture": "#large_fern_top", "tintindex": 1},
				"south": {"uv": [0, 0, 16, 16], "texture": "#large_fern_top", "tintindex": 1},
				"west": {"uv": [0, 0, 0, 16], "texture": "#large_fern_top", "tintindex": 1},
				"up": {"uv": [0, 0, 16, 0], "texture": "#large_fern_top"},
				"down": {"uv": [0, 0, 16, 0], "texture": "#large_fern_top"}
			}
		},
		{
			"from": [-4.9, 4.1, 1],
			"to": [-4.9, 18.1, 15],
			"rotation": {"angle": 45, "axis": "z", "origin": [7.1, 7.1, 9]},
			"faces": {
				"north": {"uv": [0, 0, 0, 16], "texture": "#large_fern_top", "tintindex": 1},
				"east": {"uv": [0, 0, 16, 16], "texture": "#large_fern_top", "tintindex": 1},
				"south": {"uv": [0, 0, 0, 16], "texture": "#large_fern_top", "tintindex": 1},
				"west": {"uv": [0, 0, 16, 16], "texture": "#large_fern_top", "tintindex": 1},
				"up": {"uv": [0, 0, 0, 16], "texture": "#large_fern_top"},
				"down": {"uv": [0, 0, 0, 16], "texture": "#large_fern_top"}
			}
		},
		{
			"from": [20.8, 4.1, 0],
			"to": [20.8, 18.1, 14],
			"rotation": {"angle": -45, "axis": "z", "origin": [8.8, 7.1, 8]},
			"faces": {
				"north": {"uv": [0, 0, 0, 16], "texture": "#large_fern_top", "tintindex": 1},
				"east": {"uv": [0, 0, 16, 16], "texture": "#large_fern_top", "tintindex": 1},
				"south": {"uv": [0, 0, 0, 16], "texture": "#large_fern_top", "tintindex": 1},
				"west": {"uv": [0, 0, 16, 16], "texture": "#large_fern_top", "tintindex": 1},
				"up": {"uv": [0, 0, 0, 16], "texture": "#large_fern_top"},
				"down": {"uv": [0, 0, 0, 16], "texture": "#large_fern_top"}
			}
		},
		{
			"from": [8, -2, 1],
			"to": [8, 12, 15],
			"rotation": {"angle": -22.5, "axis": "y", "origin": [8, 6, 8]},
			"faces": {
				"north": {"uv": [0, 0, 0, 16], "texture": "#missing", "tintindex": 1},
				"east": {"uv": [0, 0, 16, 16], "texture": "#large_fern_top", "tintindex": 1},
				"south": {"uv": [0, 0, 0, 16], "texture": "#missing", "tintindex": 1},
				"west": {"uv": [0, 0, 16, 16], "texture": "#large_fern_top", "tintindex": 1},
				"up": {"uv": [0, 0, 0, 16], "texture": "#missing"},
				"down": {"uv": [0, 0, 0, 16], "texture": "#missing"}
			}
		},
		{
			"from": [1, -2, 8],
			"to": [15, 12, 8],
			"rotation": {"angle": -22.5, "axis": "y", "origin": [8, 6, 8]},
			"faces": {
				"north": {"uv": [0, 0, 16, 16], "texture": "#large_fern_top", "tintindex": 1},
				"east": {"uv": [0, 0, 0, 16], "texture": "#missing", "tintindex": 1},
				"south": {"uv": [0, 0, 16, 16], "texture": "#large_fern_top", "tintindex": 1},
				"west": {"uv": [0, 0, 0, 16], "texture": "#missing", "tintindex": 1},
				"up": {"uv": [0, 0, 0, 16], "rotation": 270, "texture": "#missing"},
				"down": {"uv": [0, 0, 0, 16], "rotation": 90, "texture": "#missing"}
			}
		}
	],
	"display": {}
}