{
	"credit": "Made with Blockbench",
	"textures": {
		"large_fern_top": "block/large_fern_top",
		"large_fern_bottom": "block/large_fern_bottom",
		"particle": "block/fern"
	},
	"elements": [
		{
			"from": [0, 1, 3],
			"to": [16, 17, 3],
			"rotation": {"angle": -22.5, "axis": "x", "origin": [8, 8, 8]},
			"faces": {
				"north": {"uv": [0, 0, 16, 16], "texture": "#large_fern_bottom", "tintindex": 1},
				"east": {"uv": [0, 0, 0, 16], "texture": "#large_fern_bottom", "tintindex": 1},
				"south": {"uv": [0, 0, 16, 16], "texture": "#large_fern_bottom", "tintindex": 1},
				"west": {"uv": [0, 0, 0, 16], "texture": "#large_fern_bottom", "tintindex": 1},
				"up": {"uv": [0, 0, 16, 0], "texture": "#large_fern_bottom"},
				"down": {"uv": [0, 0, 16, 0], "texture": "#large_fern_bottom"}
			}
		},
		{
			"from": [1, 1, 13],
			"to": [15, 15, 13],
			"rotation": {"angle": 22.5, "axis": "x", "origin": [8, 8, 8]},
			"faces": {
				"north": {"uv": [0, 0, 16, 16], "texture": "#large_fern_bottom", "tintindex": 1},
				"east": {"uv": [0, 0, 0, 16], "texture": "#large_fern_bottom", "tintindex": 1},
				"south": {"uv": [0, 0, 16, 16], "texture": "#large_fern_bottom", "tintindex": 1},
				"west": {"uv": [0, 0, 0, 16], "texture": "#large_fern_bottom", "tintindex": 1},
				"up": {"uv": [0, 0, 16, 0], "texture": "#large_fern_bottom"},
				"down": {"uv": [0, 0, 16, 0], "texture": "#large_fern_bottom"}
			}
		},
		{
			"from": [3, 1, 1],
			"to": [3, 15, 15],
			"rotation": {"angle": 22.5, "axis": "z", "origin": [8, 8, 8]},
			"faces": {
				"north": {"uv": [0, 0, 0, 16], "texture": "#large_fern_bottom", "tintindex": 1},
				"east": {"uv": [0, 0, 16, 16], "texture": "#large_fern_bottom", "tintindex": 1},
				"south": {"uv": [0, 0, 0, 16], "texture": "#large_fern_bottom", "tintindex": 1},
				"west": {"uv": [0, 0, 16, 16], "texture": "#large_fern_bottom", "tintindex": 1},
				"up": {"uv": [0, 0, 0, 16], "texture": "#large_fern_bottom"},
				"down": {"uv": [0, 0, 0, 16], "texture": "#large_fern_bottom"}
			}
		},
		{
			"from": [8, 0, 1],
			"to": [8, 14, 15],
			"rotation": {"angle": -22.5, "axis": "y", "origin": [8, 8, 8]},
			"faces": {
				"north": {"uv": [0, 0, 0, 16], "texture": "#large_fern_bottom", "tintindex": 1},
				"east": {"uv": [0, 0, 16, 16], "texture": "#large_fern_bottom", "tintindex": 1},
				"south": {"uv": [0, 0, 0, 16], "texture": "#large_fern_bottom", "tintindex": 1},
				"west": {"uv": [0, 0, 16, 16], "texture": "#large_fern_bottom", "tintindex": 1},
				"up": {"uv": [0, 0, 0, 16], "texture": "#large_fern_bottom"},
				"down": {"uv": [0, 0, 0, 16], "texture": "#large_fern_bottom"}
			}
		},
		{
			"from": [1, 0, 8],
			"to": [15, 14, 8],
			"rotation": {"angle": -22.5, "axis": "y", "origin": [8, 8, 8]},
			"faces": {
				"north": {"uv": [0, 0, 16, 16], "texture": "#large_fern_bottom", "tintindex": 1},
				"east": {"uv": [0, 0, 0, 16], "texture": "#large_fern_bottom", "tintindex": 1},
				"south": {"uv": [0, 0, 16, 16], "texture": "#large_fern_bottom", "tintindex": 1},
				"west": {"uv": [0, 0, 0, 16], "texture": "#large_fern_bottom", "tintindex": 1},
				"up": {"uv": [0, 0, 0, 16], "rotation": 270, "texture": "#large_fern_bottom"},
				"down": {"uv": [0, 0, 0, 16], "rotation": 90, "texture": "#large_fern_bottom"}
			}
		},
		{
			"from": [13, 1, 0],
			"to": [13, 15, 14],
			"rotation": {"angle": -22.5, "axis": "z", "origin": [8, 8, 8]},
			"faces": {
				"north": {"uv": [0, 0, 0, 16], "texture": "#large_fern_bottom", "tintindex": 1},
				"east": {"uv": [0, 0, 16, 16], "texture": "#large_fern_bottom", "tintindex": 1},
				"south": {"uv": [0, 0, 0, 16], "texture": "#large_fern_bottom", "tintindex": 1},
				"west": {"uv": [0, 0, 16, 16], "texture": "#large_fern_bottom", "tintindex": 1},
				"up": {"uv": [0, 0, 0, 16], "texture": "#large_fern_bottom"},
				"down": {"uv": [0, 0, 0, 16], "texture": "#large_fern_bottom"}
			}
		},
		{
			"from": [0, 0, 10.25635],
			"to": [16, 0, 26.25635],
			"rotation": {"angle": -22.5, "axis": "x", "origin": [8, 0, 9.7]},
			"faces": {
				"north": {"uv": [0, 0, 16, 0], "rotation": 180, "texture": "#large_fern_top"},
				"east": {"uv": [0, 0, 0, 16], "rotation": 270, "texture": "#large_fern_top", "tintindex": 1},
				"south": {"uv": [0, 0, 16, 0], "texture": "#large_fern_top"},
				"west": {"uv": [0, 0, 0, 16], "rotation": 90, "texture": "#large_fern_top", "tintindex": 1},
				"up": {"uv": [0, 0, 16, 16], "rotation": 180, "texture": "#particle", "tintindex": 1},
				"down": {"uv": [0, 0, 16, 16], "texture": "#particle", "tintindex": 1}
			}
		},
		{
			"from": [-10.25635, 0, -1.3],
			"to": [5.74365, 0, 14.7],
			"rotation": {"angle": -22.5, "axis": "z", "origin": [6.3, 0, 6.7]},
			"faces": {
				"north": {"uv": [0, 0, 0, 16], "rotation": 90, "texture": "#large_fern_top", "tintindex": 1},
				"east": {"uv": [0, 0, 16, 0], "rotation": 180, "texture": "#large_fern_top"},
				"south": {"uv": [0, 0, 0, 16], "rotation": 270, "texture": "#large_fern_top", "tintindex": 1},
				"west": {"uv": [0, 0, 16, 0], "texture": "#large_fern_top"},
				"up": {"uv": [0, 0, 16, 16], "rotation": 270, "texture": "#particle", "tintindex": 1},
				"down": {"uv": [0, 0, 16, 16], "rotation": 270, "texture": "#particle", "tintindex": 1}
			}
		},
		{
			"from": [10.55635, 0, -0.3],
			"to": [26.55635, 0, 15.7],
			"rotation": {"angle": 45, "axis": "z", "origin": [10, 0, 7.7]},
			"faces": {
				"north": {"uv": [0, 0, 0, 16], "rotation": 270, "texture": "#large_fern_top", "tintindex": 1},
				"east": {"uv": [0, 0, 16, 0], "texture": "#large_fern_top"},
				"south": {"uv": [0, 0, 0, 16], "rotation": 90, "texture": "#large_fern_top", "tintindex": 1},
				"west": {"uv": [0, 0, 16, 0], "rotation": 180, "texture": "#large_fern_top"},
				"up": {"uv": [0, 0, 16, 16], "rotation": 90, "texture": "#particle", "tintindex": 1},
				"down": {"uv": [0, 0, 16, 16], "rotation": 90, "texture": "#particle", "tintindex": 1}
			}
		},
		{
			"from": [-1.5, 0.55635, 4.9],
			"to": [14.5, 16.55635, 4.9],
			"rotation": {"angle": -45, "axis": "x", "origin": [6.5, 0, 5.9]},
			"faces": {
				"north": {"uv": [0, 0, 16, 16], "texture": "#particle", "tintindex": 1},
				"east": {"uv": [0, 0, 0, 16], "texture": "#large_fern_top", "tintindex": 1},
				"south": {"uv": [0, 0, 16, 16], "texture": "#particle", "tintindex": 1},
				"west": {"uv": [0, 0, 0, 16], "texture": "#large_fern_top", "tintindex": 1},
				"up": {"uv": [0, 0, 16, 0], "rotation": 180, "texture": "#large_fern_top"},
				"down": {"uv": [0, 0, 16, 0], "rotation": 180, "texture": "#large_fern_top"}
			}
		}
	]
}