{
	"credit": "Made with Blockbench",
	"parent": "block/block",
	"textures": {
		"bushy": "#bushy",
		"particle": "#all"
	},
	"elements": [
		{
			"from": [0, 0, 0],
			"to": [16, 16, 16],
			"faces": {
				"north": {"uv": [16, 0, 0, 16], "texture": "#all", "cullface": "north", "tintindex": 0},
				"east": {"uv": [16, 0, 0, 16], "texture": "#all", "cullface": "east", "tintindex": 0},
				"south": {"uv": [16, 0, 0, 16], "texture": "#all", "cullface": "south", "tintindex": 0},
				"west": {"uv": [16, 0, 0, 16], "texture": "#all", "cullface": "west", "tintindex": 0},
				"up": {"uv": [16, 0, 0, 16], "texture": "#all", "cullface": "up", "tintindex": 0},
				"down": {"uv": [0, 16, 16, 0], "texture": "#all", "cullface": "down", "tintindex": 0}
			}
		},
		{
			"from": [18, -6, -3],
			"to": [18, 22, 29],
			"shade": false,
			"rotation": {"angle": -45, "axis": "y", "origin": [18.125, -8, -2.8125]},
			"faces": {
				"east": {"uv": [16, 0, 0, 16], "texture": "#bushy", "tintindex": 0},
				"west": {"uv": [16, 0, 0, 16], "texture": "#bushy", "tintindex": 0}
			}
		},
		{
			"from": [-7, -6, 3],
			"to": [25, 22, 3],
			"shade": false,
			"rotation": {"angle": -22.5, "axis": "y", "origin": [-6.8125, -8, 2.875]},
			"faces": {
				"north": {"uv": [16, 0, 0, 16], "texture": "#bushy", "tintindex": 0},
				"south": {"uv": [16, 0, 0, 16], "texture": "#bushy", "tintindex": 0}
			}
		}
	]
}