{
	"credit": "Made with Blockbench",
	"ambientocclusion": false,
	"textures": {
		"particle": "block/lily_pad2",
		"texture": "block/lily_pad2",
		"main": "block/lily_pad2"
	},
	"elements": [
		{
			"name": "main",
			"from": [0, 0, 0],
			"to": [16, 0, 16],
			"faces": {
				"up": {"uv": [3, 3, 16, 16], "texture": "#main", "tintindex": 0},
				"down": {"uv": [3, 16, 16, 3], "texture": "#main", "tintindex": 0}
			}
		},
		{
			"name": "leaf1",
			"from": [6.4, 0, 11.5],
			"to": [9.4, 6, 11.5],
			"rotation": {"angle": 22.5, "axis": "x", "origin": [7.9, 0, 11.5]},
			"faces": {
				"north": {"uv": [0.125, 5.375, 3.125, 0], "rotation": 180, "texture": "#texture"},
				"south": {"uv": [0.0625, 0.03125, 3.1875, 5.40625], "texture": "#texture"}
			}
		},
		{
			"name": "leaf2",
			"from": [7.4, 0, 9.4],
			"to": [7.4, 6, 12.4],
			"rotation": {"angle": 22.5, "axis": "z", "origin": [7.4, 0, 10.9]},
			"faces": {
				"east": {"uv": [0.125, 5.375, 3.125, 0], "rotation": 180, "texture": "#texture"},
				"west": {"uv": [0.0625, 0.03125, 3.1875, 5.40625], "texture": "#texture"}
			}
		},
		{
			"name": "leaf3",
			"from": [2.4, 0, 9.4],
			"to": [7.4, 0, 12.4],
			"rotation": {"angle": -22.5, "axis": "z", "origin": [7.4, 0, 10.9]},
			"faces": {
				"up": {"uv": [0.125, 5.375, 3.125, 0], "rotation": 90, "texture": "#texture"},
				"down": {"uv": [0.0625, 0.03125, 3.1875, 5.40625], "rotation": 270, "texture": "#texture"}
			}
		},
		{
			"name": "leaf4",
			"from": [6.4, -0.1, 5.6],
			"to": [9.4, -0.1, 10.6],
			"rotation": {"angle": 22.5, "axis": "x", "origin": [7.9, -0.1, 10.6]},
			"faces": {
				"up": {"uv": [0.125, 5.375, 3.125, 0], "rotation": 180, "texture": "#texture"},
				"down": {"uv": [0.0625, 0.03125, 3.1875, 5.40625], "rotation": 180, "texture": "#texture"}
			}
		},
		{
			"name": "leaf5",
			"from": [8.3, 0, 9.5],
			"to": [13.3, 0, 12.5],
			"rotation": {"angle": 22.5, "axis": "z", "origin": [8.3, 0, 11]},
			"faces": {
				"up": {"uv": [0.125, 5.375, 3.125, 0], "rotation": 270, "texture": "#texture"},
				"down": {"uv": [0.0625, 0.03125, 3.1875, 5.40625], "rotation": 90, "texture": "#texture"}
			}
		},
		{
			"name": "leaf6",
			"from": [6.6, 0, 11.5],
			"to": [9.6, 0, 16.5],
			"rotation": {"angle": -45, "axis": "x", "origin": [8.1, 0, 11.5]},
			"faces": {
				"up": {"uv": [0.125, 5.375, 3.125, 0], "texture": "#texture"},
				"down": {"uv": [0.0625, 0.03125, 3.1875, 5.40625], "texture": "#texture"}
			}
		},
		{
			"name": "leaf7",
			"from": [8.2, 0, 9.4],
			"to": [8.2, 6, 12.4],
			"rotation": {"angle": -45, "axis": "z", "origin": [8.2, 0, 10.9]},
			"faces": {
				"east": {"uv": [0.0625, 0.03125, 3.1875, 5.40625], "texture": "#texture"},
				"west": {"uv": [0.125, 5.375, 3.125, 0], "rotation": 180, "texture": "#texture"}
			}
		},
		{
			"name": "leaf8",
			"from": [6.4, 0, 10.3],
			"to": [9.4, 6, 10.3],
			"rotation": {"angle": -22.5, "axis": "x", "origin": [7.9, 0, 10.3]},
			"faces": {
				"north": {"uv": [0.0625, 0.03125, 3.1875, 5.40625], "texture": "#texture"},
				"south": {"uv": [0.125, 5.375, 3.125, 0], "rotation": 180, "texture": "#texture"}
			}
		},
		{
			"name": "leaf9",
			"from": [7.9, 0, 9.5],
			"to": [7.9, 6, 12.5],
			"rotation": {"angle": 0, "axis": "y", "origin": [7.9, 0, 11]},
			"faces": {
				"east": {"uv": [0.125, 5.375, 3.125, 0], "rotation": 180, "texture": "#texture"},
				"west": {"uv": [0.0625, 0.03125, 3.1875, 5.40625], "texture": "#texture"}
			}
		},
		{
			"name": "leaf10",
			"from": [6.4, 0, 11],
			"to": [9.4, 6, 11],
			"rotation": {"angle": 0, "axis": "y", "origin": [7.9, 0, 11]},
			"faces": {
				"north": {"uv": [0.125, 5.375, 3.125, 0], "rotation": 180, "texture": "#texture"},
				"south": {"uv": [0.0625, 0.03125, 3.1875, 5.40625], "texture": "#texture"}
			}
		}
	]
}