{
	"credit": "Made with Blockbench",
	"ambientocclusion": false,
	"textures": {
		"particle": "block/mangrove_propagule",
		"sapling": "block/mangrove_propagule"
	},
	"elements": [
		{
			"name": "hypocotyl",
			"from": [3, 0, 8],
			"to": [13, 16, 8],
			"rotation": {"angle": 45, "axis": "y", "origin": [8, 0, 8], "rescale": true},
			"faces": {
				"north": {"uv": [3, 0, 13, 16], "texture": "#sapling"},
				"south": {"uv": [3, 0, 13, 16], "texture": "#sapling"}
			}
		},
		{
			"name": "hypocotyl",
			"from": [8, 0, 3],
			"to": [8, 16, 13],
			"rotation": {"angle": 45, "axis": "y", "origin": [8, 0, 8], "rescale": true},
			"faces": {
				"east": {"uv": [3, 0, 13, 16], "texture": "#sapling"},
				"west": {"uv": [3, 0, 13, 16], "texture": "#sapling"}
			}
		}
	]
}