{
	"credit": "Made with Blockbench",
	"parent": "minecraft:block/tinted_cross",
	"textures": {
		"1": "block/dirt",
		"2": "block/flower_pot",
		"particle": "block/fern",
		"fern": "block/fern"
	},
	"elements": [
		{
			"from": [6, 0, 6],
			"to": [10, 4, 10],
			"faces": {
				"up": {"uv": [6, 6, 10, 10], "texture": "#1"},
				"down": {"uv": [6, 12, 10, 16], "texture": "#1", "cullface": "down"}
			}
		},
		{
			"from": [-5.39104, 6.06147, 1],
			"to": [8.60896, 6.06147, 15],
			"rotation": {"angle": -22.5, "axis": "z", "origin": [8, 7, 8]},
			"faces": {
				"north": {"uv": [0, 0, 0, 12], "rotation": 90, "texture": "#fern", "tintindex": 1},
				"east": {"uv": [0, 0, 0, 16], "rotation": 270, "texture": "#fern"},
				"south": {"uv": [0, 0, 0, 12], "rotation": 270, "texture": "#fern", "tintindex": 1},
				"west": {"uv": [0, 0, 0, 16], "rotation": 270, "texture": "#fern"},
				"up": {"uv": [0, 0, 16, 16], "rotation": 270, "texture": "#fern", "tintindex": 1},
				"down": {"uv": [0, 0, 16, 16], "rotation": 270, "texture": "#fern", "tintindex": 1}
			}
		},
		{
			"from": [5, 0, 5],
			"to": [6, 6, 11],
			"faces": {
				"north": {"uv": [10, 10, 11, 16], "texture": "#2"},
				"east": {"uv": [5, 10, 11, 16], "texture": "#2"},
				"south": {"uv": [5, 10, 6, 16], "texture": "#2"},
				"west": {"uv": [5, 10, 11, 16], "texture": "#2"},
				"up": {"uv": [5, 4, 6, 10], "texture": "#2"},
				"down": {"uv": [5, 4, 6, 10], "texture": "#2", "cullface": "down"}
			}
		},
		{
			"from": [10, 0, 5],
			"to": [11, 6, 11],
			"faces": {
				"north": {"uv": [5, 10, 6, 16], "texture": "#2"},
				"east": {"uv": [5, 10, 11, 16], "texture": "#2"},
				"south": {"uv": [10, 10, 11, 16], "texture": "#2"},
				"west": {"uv": [5, 10, 11, 16], "texture": "#2"},
				"up": {"uv": [10, 4, 11, 10], "texture": "#2"},
				"down": {"uv": [10, 4, 11, 10], "texture": "#2", "cullface": "down"}
			}
		},
		{
			"from": [6, 0, 5],
			"to": [10, 6, 6],
			"faces": {
				"north": {"uv": [6, 10, 10, 16], "texture": "#2"},
				"south": {"uv": [6, 10, 10, 16], "texture": "#2"},
				"up": {"uv": [6, 4, 10, 5], "texture": "#2"},
				"down": {"uv": [6, 9, 10, 10], "texture": "#2", "cullface": "down"}
			}
		},
		{
			"from": [6, 0, 10],
			"to": [10, 6, 11],
			"faces": {
				"north": {"uv": [6, 10, 10, 16], "texture": "#2"},
				"south": {"uv": [6, 10, 10, 16], "texture": "#2"},
				"up": {"uv": [6, 9, 10, 10], "texture": "#2"},
				"down": {"uv": [6, 4, 10, 5], "texture": "#2", "cullface": "down"}
			}
		},
		{
			"from": [1, 5.44415, 8.31492],
			"to": [15, 5.44415, 22.31492],
			"rotation": {"angle": -22.5, "axis": "x", "origin": [8, 5, 8]},
			"faces": {
				"north": {"uv": [0, 0, 16, 0], "rotation": 180, "texture": "#fern"},
				"east": {"uv": [0, 0, 0, 12], "rotation": 270, "texture": "#fern", "tintindex": 1},
				"south": {"uv": [0, 0, 16, 0], "texture": "#fern"},
				"west": {"uv": [0, 0, 0, 12], "rotation": 90, "texture": "#fern", "tintindex": 1},
				"up": {"uv": [0, 0, 16, 16], "rotation": 180, "texture": "#fern", "tintindex": 1},
				"down": {"uv": [0, 0, 16, 16], "texture": "#fern", "tintindex": 1}
			}
		},
		{
			"from": [1, 5.31492, 7.44415],
			"to": [15, 19.31492, 7.44415],
			"rotation": {"angle": -45, "axis": "x", "origin": [8, 5, 8]},
			"faces": {
				"north": {"uv": [0, 0, 16, 16], "texture": "#fern", "tintindex": 1},
				"east": {"uv": [0, 0, 0, 12], "texture": "#fern", "tintindex": 1},
				"south": {"uv": [0, 0, 16, 16], "texture": "#fern", "tintindex": 1},
				"west": {"uv": [0, 0, 0, 12], "texture": "#fern", "tintindex": 1},
				"up": {"uv": [0, 0, 16, 0], "texture": "#fern"},
				"down": {"uv": [0, 0, 16, 0], "texture": "#fern"}
			}
		},
		{
			"from": [8.31492, 4.44415, 1],
			"to": [22.31492, 4.44415, 15],
			"rotation": {"angle": 45, "axis": "z", "origin": [8, 5, 8]},
			"faces": {
				"north": {"uv": [0, 0, 0, 12], "rotation": 270, "texture": "#fern", "tintindex": 1},
				"east": {"uv": [0, 0, 0, 16], "rotation": 90, "texture": "#fern"},
				"south": {"uv": [0, 0, 0, 12], "rotation": 90, "texture": "#fern", "tintindex": 1},
				"west": {"uv": [0, 0, 0, 16], "rotation": 90, "texture": "#fern"},
				"up": {"uv": [0, 0, 16, 16], "rotation": 90, "texture": "#fern", "tintindex": 1},
				"down": {"uv": [0, 0, 16, 16], "rotation": 90, "texture": "#fern", "tintindex": 1}
			}
		},
		{
			"from": [1.2, 4.81995, 8.06088],
			"to": [15.2, 18.81995, 8.06088],
			"rotation": {"angle": 45, "axis": "x", "origin": [8, 5, 8]},
			"faces": {
				"north": {"uv": [0, 0, 16, 16], "texture": "#fern", "tintindex": 1},
				"east": {"uv": [0, 0, 0, 12], "texture": "#fern", "tintindex": 1},
				"south": {"uv": [0, 0, 16, 16], "texture": "#fern", "tintindex": 1},
				"west": {"uv": [0, 0, 0, 12], "texture": "#fern", "tintindex": 1},
				"up": {"uv": [0, 0, 0, 16], "rotation": 90, "texture": "#fern"},
				"down": {"uv": [0, 0, 0, 16], "rotation": 270, "texture": "#fern"}
			}
		},
		{
			"from": [1.06066, 4.31492, 7.91945],
			"to": [15.06066, 18.31492, 7.91945],
			"rotation": {"angle": -45, "axis": "y", "origin": [8, 5, 8]},
			"faces": {
				"north": {"uv": [0, 0, 16, 16], "texture": "#fern", "tintindex": 1},
				"east": {"uv": [0, 0, 0, 12], "texture": "#fern", "tintindex": 1},
				"south": {"uv": [0, 0, 16, 16], "texture": "#fern", "tintindex": 1},
				"west": {"uv": [0, 0, 0, 12], "texture": "#fern", "tintindex": 1},
				"up": {"uv": [0, 0, 0, 16], "rotation": 90, "texture": "#fern"},
				"down": {"uv": [0, 0, 0, 16], "rotation": 270, "texture": "#fern"}
			}
		}
	],
	"groups": [
		{
			"name": "pot",
			"origin": [0, 0, 0],
			"color": 0,
			"children": [0, 1, 2, 3, 4, 5]
		},
		{
			"name": "fern",
			"origin": [8, 3, 8],
			"color": 0,
			"children": [6, 7, 8, 9, 10]
		}
	]
}