{
	"credit": "Made with Blockbench",
	"textures": {
		"1": "block/rail",
		"particle": "block/rail"
	},
	"elements": [
		{
			"name": "ironbar1",
			"from": [3.4, 0, 0],
			"to": [4.6, 1.5, 16],
			"rotation": {"angle": 0, "axis": "y", "origin": [4, 0.75, 8]},
			"faces": {
				"north": {"uv": [3, 0, 4.2, 2], "texture": "#1"},
				"east": {"uv": [0, 0, 1.5, 16], "rotation": 270, "texture": "#1"},
				"south": {"uv": [3, 0, 4.2, 2], "texture": "#1"},
				"west": {"uv": [0, 0, 1.5, 16], "rotation": 270, "texture": "#1"},
				"up": {"uv": [3, 0, 4.1875, 16], "texture": "#1"},
				"down": {"uv": [1.25, 0, 2.4375, 16], "texture": "#1"}
			}
		},
		{
			"name": "ironbar2",
			"from": [11.4, 0, 0],
			"to": [12.6, 1.5, 16],
			"rotation": {"angle": 0, "axis": "y", "origin": [12, 0.75, 8]},
			"faces": {
				"north": {"uv": [3, 0, 4.2, 2], "texture": "#1"},
				"east": {"uv": [0, 0, 1.5, 16], "rotation": 270, "texture": "#1"},
				"south": {"uv": [3, 0, 4.2, 2], "texture": "#1"},
				"west": {"uv": [0, 0, 1.5, 16], "rotation": 270, "texture": "#1"},
				"up": {"uv": [3, 0, 4.2, 16], "texture": "#1"},
				"down": {"uv": [1.1875, 0, 2.4375, 16], "texture": "#1"}
			}
		},
		{
			"name": "wood1",
			"from": [1, 0, 1.4],
			"to": [15, 1, 3.9],
			"rotation": {"angle": 0, "axis": "y", "origin": [8, 0.5, 2.75]},
			"faces": {
				"north": {"uv": [5, 2, 6, 16], "rotation": 90, "texture": "#1"},
				"east": {"uv": [11, 1, 8.5, 2], "texture": "#1"},
				"south": {"uv": [5, 2, 6, 16], "rotation": 90, "texture": "#1"},
				"west": {"uv": [5.96875, 1, 8.46875, 2], "texture": "#1"},
				"up": {"uv": [8.4375, 16, 10.9375, 2.09375], "rotation": 90, "texture": "#1"},
				"down": {"uv": [6, 2, 8.5, 16], "rotation": 90, "texture": "#1"}
			}
		},
		{
			"name": "wood2",
			"from": [1, 0, 6.75],
			"to": [15, 1, 9.25],
			"rotation": {"angle": 0, "axis": "y", "origin": [8, 0.5, 7.75]},
			"faces": {
				"north": {"uv": [5, 2, 6, 16], "rotation": 270, "texture": "#1"},
				"east": {"uv": [13.4375, 1, 10.9375, 2], "texture": "#1"},
				"south": {"uv": [5, 2, 6, 16], "rotation": 270, "texture": "#1"},
				"west": {"uv": [15.875, 1.0625, 13.375, 2.0625], "texture": "#1"},
				"up": {"uv": [13.5, 16, 15.84375, 2], "rotation": 90, "texture": "#1"},
				"down": {"uv": [6, 2, 8.5, 16], "rotation": 90, "texture": "#1"}
			}
		},
		{
			"name": "wood3",
			"from": [1, 0, 12.12],
			"to": [15, 1, 14.62],
			"rotation": {"angle": 0, "axis": "y", "origin": [8, 0.5, 12.75]},
			"faces": {
				"north": {"uv": [5, 2, 6, 16], "rotation": 90, "texture": "#1"},
				"east": {"uv": [16, 1.0625, 13.5, 2.0625], "texture": "#1"},
				"south": {"uv": [5, 2, 6, 16], "rotation": 90, "texture": "#1"},
				"west": {"uv": [13.4375, 1, 10.9375, 2], "texture": "#1"},
				"up": {"uv": [10.9375, 16, 13.4375, 2], "rotation": 90, "texture": "#1"},
				"down": {"uv": [6, 2, 8.5, 16], "rotation": 90, "texture": "#1"}
			}
		}
	],
	"display": {
		"thirdperson_righthand": {
			"rotation": [90, 0, 90],
			"translation": [-3.5, -1.75, 0],
			"scale": [0.5, 0.5, 0.5]
		},
		"thirdperson_lefthand": {
			"rotation": [90, 0, 90],
			"translation": [-3.5, -1.75, 0],
			"scale": [0.5, 0.5, 0.5]
		},
		"firstperson_righthand": {
			"rotation": [50, 2, 90],
			"translation": [0.25, -2.25, -4.25]
		},
		"firstperson_lefthand": {
			"rotation": [50, -1, 90],
			"translation": [-0.25, -2.25, -4.25]
		},
		"ground": {
			"translation": [0, 4.25, 0]
		},
		"gui": {
			"rotation": [27, 51, 0],
			"translation": [0, 2.25, 0],
			"scale": [0.8, 0.8, 0.8]
		},
		"head": {
			"translation": [0, 14.5, 0]
		},
		"fixed": {
			"rotation": [-90, 0, 0],
			"translation": [0, 0, -8]
		}
	}
}