{
	"credit": "Made with Blockbench",
	"textures": {
		"1": "block/rail",
		"particle": "#rail"
	},
	"elements": [
		{
			"name": "wood2",
			"from": [11.25, 0, 1.4],
			"to": [13.75, 0.9, 15.4],
			"rotation": {"angle": 22.5, "axis": "y", "origin": [13, 0.5, 8.75]},
			"faces": {
				"north": {"uv": [11, 1, 13.5, 2], "texture": "#1"},
				"east": {"uv": [5, 2, 6, 16], "rotation": 90, "texture": "#1"},
				"south": {"uv": [8.5, 1, 11, 2], "texture": "#1"},
				"west": {"uv": [5, 2, 6, 16], "rotation": 90, "texture": "#1"},
				"up": {"uv": [10.9375, 2, 13.4375, 16], "texture": "#1"},
				"down": {"uv": [6, 2, 8.5, 16], "rotation": 180, "texture": "#1"}
			}
		},
		{
			"name": "wood3",
			"from": [2.1, 0, 11.5],
			"to": [16.1, 1, 14],
			"rotation": {"angle": -22.5, "axis": "y", "origin": [9, 0.5, 11.75]},
			"faces": {
				"north": {"uv": [5, 2, 6, 16], "rotation": 90, "texture": "#1"},
				"east": {"uv": [6, 1, 8.5, 2], "texture": "#1"},
				"south": {"uv": [5, 2, 6, 16], "rotation": 90, "texture": "#1"},
				"west": {"uv": [6, 1, 8.5, 2], "texture": "#1"},
				"up": {"uv": [8.4375, 2, 10.9375, 16], "rotation": 90, "texture": "#1"},
				"down": {"uv": [6, 2, 8.5, 16], "rotation": 270, "texture": "#1"}
			}
		},
		{
			"name": "iron3",
			"from": [12, 0, 13.1573],
			"to": [13.2, 1.5, 16.0573],
			"rotation": {"angle": -22.5, "axis": "y", "origin": [12.58534, 0.75, 14.5073]},
			"faces": {
				"north": {"uv": [1.5, 0, 3, 2], "rotation": 270, "texture": "#1"},
				"east": {"uv": [1.5, 13.34375, 3, 16], "rotation": 270, "texture": "#1"},
				"south": {"uv": [3, 0, 4.2, 2], "texture": "#1"},
				"west": {"uv": [1.5, 9.03125, 3, 16], "rotation": 270, "texture": "#1"},
				"up": {"uv": [4.2, 14.65625, 3, 16], "texture": "#1"},
				"down": {"uv": [1.34375, 0, 2.21875, 2.625], "rotation": 270, "texture": "#1"}
			}
		},
		{
			"name": "iron3",
			"from": [13.1, 0, 11.4],
			"to": [16.1, 1.5, 12.6],
			"rotation": {"angle": 22.5, "axis": "y", "origin": [16, 0.75, 12.4]},
			"faces": {
				"north": {"uv": [1.5, 5.1875, 3, 16], "rotation": 270, "texture": "#1"},
				"east": {"uv": [3, 0, 4.2, 2], "texture": "#1"},
				"south": {"uv": [1.5, 13.0625, 3, 16], "rotation": 270, "texture": "#1"},
				"west": {"uv": [1.5, 0, 3, 2], "rotation": 270, "texture": "#1"},
				"up": {"uv": [4.2, 13.875, 3, 16], "rotation": 90, "texture": "#1"},
				"down": {"uv": [1.34375, 0, 2.21875, 2.625], "rotation": 270, "texture": "#1"}
			}
		},
		{
			"name": "iron2",
			"from": [4.2, 0, 8.99917],
			"to": [5.4, 1.5, 13.19917],
			"rotation": {"angle": -22.5, "axis": "y", "origin": [4.89582, 0.75, 10.99917]},
			"faces": {
				"north": {"uv": [1.5, 0, 3, 2], "rotation": 270, "texture": "#1"},
				"east": {"uv": [0, 11.15625, 1.5, 15.4375], "rotation": 270, "texture": "#1"},
				"south": {"uv": [1.5, 0, 3, 2], "rotation": 270, "texture": "#1"},
				"west": {"uv": [0, 11.15625, 1.5, 15.4375], "rotation": 270, "texture": "#1"},
				"up": {"uv": [4.1875, 13.46875, 3, 16], "texture": "#1"},
				"down": {"uv": [1.34375, 0, 2.21875, 2.625], "rotation": 270, "texture": "#1"}
			}
		},
		{
			"name": "iron3",
			"from": [3.4, 0, 13],
			"to": [4.6, 1.5, 16],
			"rotation": {"angle": 0, "axis": "y", "origin": [4, 0.75, 14.5]},
			"faces": {
				"north": {"uv": [1.5, 0, 3, 2], "rotation": 270, "texture": "#1"},
				"east": {"uv": [1.5, 13.21875, 3, 16], "rotation": 270, "texture": "#1"},
				"south": {"uv": [3, 0, 4.2, 2], "texture": "#1"},
				"west": {"uv": [1.5, 13.4375, 3, 16], "rotation": 270, "texture": "#1"},
				"up": {"uv": [4.1875, 13.96875, 3, 16], "texture": "#1"},
				"down": {"uv": [1.34375, 0, 2.21875, 2.625], "rotation": 270, "texture": "#1"}
			}
		},
		{
			"name": "iron4",
			"from": [8.9609, 0, 4.2],
			"to": [13.1609, 1.5, 5.4],
			"rotation": {"angle": 22.5, "axis": "y", "origin": [10.9609, 0.75, 4.90343]},
			"faces": {
				"north": {"uv": [0, 10.96875, 1.5, 15.3125], "rotation": 270, "texture": "#1"},
				"east": {"uv": [1.5, 0, 3, 2], "rotation": 270, "texture": "#1"},
				"south": {"uv": [0, 11.3125, 1.5, 15.71875], "rotation": 270, "texture": "#1"},
				"west": {"uv": [1.5, 0, 3, 2], "rotation": 270, "texture": "#1"},
				"up": {"uv": [4.1875, 12.96875, 3, 16], "rotation": 90, "texture": "#1"},
				"down": {"uv": [1.34375, 0, 2.21875, 2.625], "rotation": 270, "texture": "#1"}
			}
		},
		{
			"name": "iron5",
			"from": [4.87608, 0, 6.7],
			"to": [9.87608, 1.5, 7.9],
			"rotation": {"angle": 45, "axis": "y", "origin": [7.37608, 0.75, 7.38598]},
			"faces": {
				"north": {"uv": [1.5, 10.3125, 3, 16], "rotation": 270, "texture": "#1"},
				"east": {"uv": [1.5, 0, 3, 2], "rotation": 270, "texture": "#1"},
				"south": {"uv": [1.5, 10.3125, 3, 16], "rotation": 270, "texture": "#1"},
				"west": {"uv": [1.5, 0, 3, 2], "rotation": 270, "texture": "#1"},
				"up": {"uv": [4.1875, 11.4375, 3, 16], "rotation": 90, "texture": "#1"},
				"down": {"uv": [1.34375, 0, 2.21875, 2.625], "rotation": 270, "texture": "#1"}
			}
		},
		{
			"name": "iron5",
			"from": [13, 0, 3.4],
			"to": [16, 1.5, 4.6],
			"rotation": {"angle": 0, "axis": "y", "origin": [14.5, 0.75, 4]},
			"faces": {
				"north": {"uv": [1.5, 13.21875, 3, 16], "rotation": 270, "texture": "#1"},
				"east": {"uv": [3, 0, 4.2, 2], "texture": "#1"},
				"south": {"uv": [1.5, 13.21875, 3, 16], "rotation": 270, "texture": "#1"},
				"west": {"uv": [1.5, 0, 3, 2], "rotation": 270, "texture": "#1"},
				"up": {"uv": [4.2, 14.6875, 3, 16], "rotation": 90, "texture": "#1"},
				"down": {"uv": [1.34375, 0, 2.21875, 2.625], "rotation": 270, "texture": "#1"}
			}
		}
	],
	"groups": [0, 1,
		{
			"name": "ironbars_inside",
			"origin": [12.5, 0.75, 16],
			"children": [2, 3]
		},
		{
			"name": "ronbars_outside",
			"origin": [4.5, 0.75, 16],
			"children": [4, 5, 6, 7, 8]
		}
	]
}