{
	"credit": "Made with Blockbench",
	"parent": "block/block",
	"textures": {
		"top": "block/small_dripleaf",
		"particle": "block/small_dripleaf_stem_top",
		"stem": "block/small_dripleaf_stem_top"
	},
	"elements": [
		{
			"from": [8, 2.99, 8],
			"to": [16, 2.99, 16],
			"shade": false,
			"faces": {
				"up": {"uv": [8, 8, 0, 0], "texture": "#top"},
				"down": {"uv": [8, 0, 0, 8], "texture": "#top"}
			}
		},
		{
			"from": [0, 8, 0],
			"to": [8, 8, 8],
			"shade": false,
			"faces": {
				"up": {"uv": [0, 0, 8, 8], "texture": "#top"},
				"down": {"uv": [0, 8, 8, 0], "texture": "#top"}
			}
		},
		{
			"from": [0, 12, 8],
			"to": [8, 12, 16],
			"shade": false,
			"faces": {
				"up": {"uv": [0, 0, 8, 8], "rotation": 270, "texture": "#top"},
				"down": {"uv": [8, 0, 0, 8], "rotation": 270, "texture": "#top"}
			}
		},
		{
			"from": [8, 1, 8],
			"to": [16, 3, 16],
			"shade": false,
			"faces": {
				"east": {"uv": [8, 16, 16, 13], "texture": "#top"},
				"south": {"uv": [16, 16, 8, 13], "texture": "#top"}
			}
		},
		{
			"from": [0, 6, 0.01],
			"to": [8, 8, 8],
			"shade": false,
			"faces": {
				"north": {"uv": [16, 16, 8, 13], "texture": "#top"},
				"west": {"uv": [8, 16, 16, 13], "texture": "#top"}
			}
		},
		{
			"from": [0, 10, 8],
			"to": [8, 12, 16],
			"shade": false,
			"faces": {
				"south": {"uv": [8, 16, 16, 13], "texture": "#top"},
				"west": {"uv": [16, 16, 8, 13], "texture": "#top"}
			}
		},
		{
			"from": [3.5, 0, 8],
			"to": [12.5, 14, 8],
			"shade": false,
			"rotation": {"angle": 45, "axis": "y", "origin": [8, 8, 8]},
			"faces": {
				"north": {"uv": [3, 0, 13, 16], "texture": "#stem"},
				"south": {"uv": [3, 0, 13, 16], "texture": "#stem"}
			}
		},
		{
			"from": [3.5, 0, 8],
			"to": [12.5, 14, 8],
			"shade": false,
			"rotation": {"angle": -45, "axis": "y", "origin": [8, 8, 8]},
			"faces": {
				"north": {"uv": [3, 0, 13, 16], "texture": "#stem"},
				"south": {"uv": [3, 0, 13, 16], "texture": "#stem"}
			}
		}
	]
}