{
	"credit": "Made with Blockbench",
	"textures": {
		"particle": "block/sweet_berry_bush_stage3",
		"main": "block/sweet_berry_bush_stage3",
		"bushy": "block/sweet_berry_bush_stage3_bushy"
	},
	"elements": [
		{
			"from": [-2.70711, 0, 7.77817],
			"to": [17.29289, 20, 7.77817],
			"rotation": {"angle": -22.5, "axis": "y", "origin": [7.29289, 10, 7.77817]},
			"faces": {
				"north": {"uv": [0, 0, 16, 16], "texture": "#main"},
				"east": {"uv": [0, 0, 0, 16], "texture": "#missing"},
				"south": {"uv": [0, 0, 16, 16], "texture": "#main"},
				"west": {"uv": [0, 0, 0, 16], "texture": "#missing"},
				"up": {"uv": [0, 0, 16, 0], "texture": "#missing"},
				"down": {"uv": [0, 0, 16, 0], "texture": "#missing"}
			}
		},
		{
			"from": [7.29289, 0, -2.22183],
			"to": [7.29289, 20, 17.77817],
			"rotation": {"angle": -22.5, "axis": "y", "origin": [7.29289, 10, 7.77817]},
			"faces": {
				"north": {"uv": [0, 0, 0, 16], "texture": "#missing"},
				"east": {"uv": [0, 0, 16, 16], "texture": "#main"},
				"south": {"uv": [0, 0, 0, 16], "texture": "#missing"},
				"west": {"uv": [0, 0, 16, 16], "texture": "#main"},
				"up": {"uv": [0, 0, 16, 0], "rotation": 270, "texture": "#missing"},
				"down": {"uv": [0, 0, 16, 0], "rotation": 90, "texture": "#missing"}
			}
		},
		{
			"from": [-2, 8, -2],
			"to": [18, 8, 18],
			"rotation": {"angle": 0, "axis": "x", "origin": [10, 10, 10]},
			"faces": {
				"north": {"uv": [0, 0, 16, 0], "rotation": 180, "texture": "#missing"},
				"east": {"uv": [0, 0, 0, 16], "rotation": 270, "texture": "#missing"},
				"south": {"uv": [0, 0, 16, 0], "texture": "#missing"},
				"west": {"uv": [0, 0, 0, 16], "rotation": 90, "texture": "#missing"},
				"up": {"uv": [0, 0, 16, 16], "rotation": 180, "texture": "#bushy"},
				"down": {"uv": [0, 0, 16, 16], "texture": "#bushy"}
			}
		}
	]
}