{
	"credit": "Made with Blockbench",
	"textures": {
		"side": "#side",
		"particle": "#texture"
	},
	"elements": [
		{
			"from": [0, 13, 0],
			"to": [16, 16, 16],
			"faces": {
				"north": {"uv": [0, 16, 3.2, 0], "rotation": 90, "texture": "#side"},
				"east": {"uv": [6.4, 16, 9.6, 0], "rotation": 90, "texture": "#side"},
				"south": {"uv": [3.2, 0, 6.4, 16], "rotation": 90, "texture": "#side"},
				"west": {"uv": [9.6, 0, 12.8, 16], "rotation": 90, "texture": "#side"},
				"up": {"uv": [0, 0, 16, 16], "rotation": 180, "texture": "#texture"},
				"down": {"uv": [16, 0, 0, 16], "texture": "#texture"}
			}
		}
	]
}