{
	"credit": "Made with Blockbench",
	"textures": {
		"side": "#side",
		"particle": "#texture"
	},
	"elements": [
		{
			"from": [0, 0, 0],
			"to": [16, 3, 16],
			"faces": {
				"north": {"uv": [0, 16, 3.2, 0], "rotation": 90, "texture": "#side"},
				"east": {"uv": [6.4, 16, 9.6, 0], "rotation": 90, "texture": "#side"},
				"south": {"uv": [3.2, 0, 6.4, 16], "rotation": 90, "texture": "#side"},
				"west": {"uv": [9.6, 0.032, 12.8, 16], "rotation": 90, "texture": "#side"},
				"up": {"uv": [0, 0, 16, 16], "rotation": 180, "texture": "#texture"},
				"down": {"uv": [16, 0, 0, 16], "texture": "#texture"}
			}
		}
	],
	"display": {
		"thirdperson_righthand": {
			"rotation": [75, 45, 0],
			"translation": [0, 2.5, 2],
			"scale": [0.375, 0.375, 0.375]
		},
		"firstperson_righthand": {
			"rotation": [0, 45, 0],
			"translation": [0, 4.2, 0],
			"scale": [0.4, 0.4, 0.4]
		},
		"firstperson_lefthand": {
			"rotation": [0, -135, 0],
			"translation": [0, 4.2, 0],
			"scale": [0.4, 0.4, 0.4]
		},
		"ground": {
			"translation": [0, 3, 0],
			"scale": [0.25, 0.25, 0.25]
		},
		"gui": {
			"rotation": [30, 225, 0],
			"scale": [0.625, 0.625, 0.625]
		}
	}
}