{
	"credit": "Made with Blockbench",
	"ambientocclusion": false,
	"textures": {
		"1": "block/warped_roots",
		"2": "block/warped_roots_small",
		"particle": "block/warped_roots"
	},
	"elements": [
		{
			"from": [3.8, 0, 5],
			"to": [17.2, 16, 5],
			"shade": false,
			"rotation": {"angle": 45, "axis": "y", "origin": [11, 8, 5], "rescale": true},
			"faces": {
				"north": {"uv": [0, 0, 16, 16], "texture": "#1", "tintindex": 0},
				"south": {"uv": [0, 0, 16, 16], "texture": "#1", "tintindex": 0}
			}
		},
		{
			"from": [1, 0, 1.8],
			"to": [1, 16, 16.2],
			"shade": false,
			"rotation": {"angle": -22.5, "axis": "y", "origin": [1, 8, 9], "rescale": true},
			"faces": {
				"east": {"uv": [0, 0, 16, 16], "texture": "#1", "tintindex": 0},
				"west": {"uv": [0, 0, 16, 16], "texture": "#1", "tintindex": 0}
			}
		},
		{
			"from": [-7.2, 0, 6],
			"to": [2.2, 9, 6],
			"shade": false,
			"rotation": {"angle": -45, "axis": "y", "origin": [-1, 8, 13], "rescale": true},
			"faces": {
				"north": {"uv": [0, 8, 16, 16], "texture": "#2", "tintindex": 0},
				"south": {"uv": [0, 8, 16, 16], "texture": "#2", "tintindex": 0}
			}
		},
		{
			"from": [12, 0, 5.8],
			"to": [12, 9, 18.2],
			"shade": false,
			"rotation": {"angle": -22.5, "axis": "y", "origin": [12, 8, 13], "rescale": true},
			"faces": {
				"east": {"uv": [0, 8, 16, 16], "texture": "#2", "tintindex": 0},
				"west": {"uv": [0, 8, 16, 16], "texture": "#2", "tintindex": 0}
			}
		},
		{
			"from": [-3.2, 0, 12],
			"to": [11.2, 15, 12],
			"shade": false,
			"rotation": {"angle": -22.5, "axis": "y", "origin": [4, 8, 12], "rescale": true},
			"faces": {
				"north": {"uv": [0, 0, 16, 16], "texture": "#1", "tintindex": 0},
				"south": {"uv": [0, 0, 16, 16], "texture": "#1", "tintindex": 0}
			}
		},
		{
			"from": [11, 0, -2.2],
			"to": [11, 16, 12.2],
			"shade": false,
			"rotation": {"angle": 22.5, "axis": "y", "origin": [11, 8, 5], "rescale": true},
			"faces": {
				"east": {"uv": [0, 0, 16, 16], "texture": "#1", "tintindex": 0},
				"west": {"uv": [0, 0, 16, 16], "texture": "#1", "tintindex": 0}
			}
		}
	]
}